# <a href = "../README.md" target="_blank">데이터베이스 첫걸음</a>
## Chpater 06. SQL문의 기본
### 6.3 UPDATE문
1) UPDATE
2) 복수의 열 동시 갱신

---


# 6.3 UPDATE문

## 1) UPDATE

> UPDATE 테이블명  
> SET 칼럼명 = 값  

- 테이블에 존재하는 모든 행에 대하여, 지정 칼럼의 값을 변경

> UPDATE 테이블명  
> SET 칼럼명 = 값  
> WHERE 조건;

- 보통은, WHERE절을 통해 조건을 줘서, 변경하고자 하는 열을 최대한 특정해서 변경함.
  - 각 행별로 유일한 값을 통해 변경하거나
  - 여러 조건을 AND 조건으로 엮어서, 특정함.
- 칼럼에 기본값이 존재할 경우, 값에 DEFAULT를 지정하면 값을 기본값으로 돌릴 수 있다.

<details>
<summary>예시</summary>
<div markdown="1">

### 예시> Shihung인 도시명을 Siheung으로 교체하기

```
mysql> SELECT *
    -> FROM CITY
    -> WHERE COUNTRYCODE='KOR'
    -> AND DISTRICT = 'Kyonggi';
+------+------------+-------------+----------+------------+
| ID   | Name       | CountryCode | District | Population |
+------+------------+-------------+----------+------------+
| 2338 | Songnam    | KOR         | Kyonggi  |     869094 |
| 2339 | Puchon     | KOR         | Kyonggi  |     779412 |
| 2340 | Suwon      | KOR         | Kyonggi  |     755550 |
| 2341 | Anyang     | KOR         | Kyonggi  |     591106 |
| 2344 | Koyang     | KOR         | Kyonggi  |     518282 |
| 2345 | Ansan      | KOR         | Kyonggi  |     510314 |
| 2349 | Kwangmyong | KOR         | Kyonggi  |     350914 |
| 2353 | Pyongtaek  | KOR         | Kyonggi  |     312927 |
| 2355 | Uijongbu   | KOR         | Kyonggi  |     276111 |
| 2362 | Yong-in    | KOR         | Kyonggi  |     242643 |
| 2364 | Kunpo      | KOR         | Kyonggi  |     235233 |
| 2366 | Namyangju  | KOR         | Kyonggi  |     229060 |
| 2372 | Paju       | KOR         | Kyonggi  |     163379 |
| 2374 | Ichon      | KOR         | Kyonggi  |     155332 |
| 2379 | Kuri       | KOR         | Kyonggi  |     142173 |
| 2383 | Shihung    | KOR         | Kyonggi  |     133443 |
| 2392 | Hanam      | KOR         | Kyonggi  |     115812 |
| 2396 | Uiwang     | KOR         | Kyonggi  |     108788 |
+------+------------+-------------+----------+------------+
18 rows in set (0.00 sec)
```
- UPDATE를 통해 데이터를 변경하기 전에는, 내가 지정할 조건에 해당하는 다른 행들이 존재하는지 확실히 확인하고 변경할 데이터를 확실히 특정해야한다.
- Shihung인 도시명을 변경해야함. 

```
mysql> UPDATE CITY
-> SET NAME = 'Siheung'
-> WHERE COUNTRYCODE = 'KOR' AND DISTRICT = 'Kyonggi' AND NAME = 'Shihung';
Query OK, 1 row affected (0.01 sec)
Rows matched: 1  Changed: 1  Warnings: 0
```
- 변경 조건을 확실히 특정해야한다.
  1. city 테이블에서
  2. NAME을 칼럼을 Siheung으로 교체해라.
  3. COUNTRYCODE = 'KOR'이고, DISTRICT = 'Kyonggi' 이고, NAME = 'Shihung'인 도시를
- NAME = 'Shihung'인 조건을 누락하면 앞의 조건에 해당하는 모든 행을 변경시켜버리니, 주의해야한다.

```
mysql> SELECT *
-> FROM CITY
-> WHERE COUNTRYCODE = 'KOR' AND DISTRICT = 'Kyonggi';
+------+------------+-------------+----------+------------+
| ID   | Name       | CountryCode | District | Population |
+------+------------+-------------+----------+------------+
| 2338 | Songnam    | KOR         | Kyonggi  |     869094 |
| 2339 | Puchon     | KOR         | Kyonggi  |     779412 |
| 2340 | Suwon      | KOR         | Kyonggi  |     755550 |
| 2341 | Anyang     | KOR         | Kyonggi  |     591106 |
| 2344 | Koyang     | KOR         | Kyonggi  |     518282 |
| 2345 | Ansan      | KOR         | Kyonggi  |     510314 |
| 2349 | Kwangmyong | KOR         | Kyonggi  |     350914 |
| 2353 | Pyongtaek  | KOR         | Kyonggi  |     312927 |
| 2355 | Uijongbu   | KOR         | Kyonggi  |     276111 |
| 2362 | Yong-in    | KOR         | Kyonggi  |     242643 |
| 2364 | Kunpo      | KOR         | Kyonggi  |     235233 |
| 2366 | Namyangju  | KOR         | Kyonggi  |     229060 |
| 2372 | Paju       | KOR         | Kyonggi  |     163379 |
| 2374 | Ichon      | KOR         | Kyonggi  |     155332 |
| 2379 | Kuri       | KOR         | Kyonggi  |     142173 |
| 2383 | Siheung    | KOR         | Kyonggi  |     133443 |
| 2392 | Hanam      | KOR         | Kyonggi  |     115812 |
| 2396 | Uiwang     | KOR         | Kyonggi  |     108788 |
+------+------------+-------------+----------+------------+
18 rows in set (0.00 sec)
```
- 도시명이 Shihung인 행의 NAME = 'Siheung'으로 변경함

</div>
</details>

---

## 2) 복수의 열 동시 갱신

> UPDATE 테이블명  
> SET 칼럼1=값, 칼럼2=값, ...  
> WHERE 조건...;
- 여러 행을 동시에 갱신시키고 싶을 때는 `콤마(,)`로 이어서 작성



<details>
<summary>예시</summary>
<div markdown="1">

### 예시> 두가지 칼럼을 동시에 갱신하기
```
mysql> SELECT *
    -> FROM CITY
    -> WHERE COUNTRYCODE = 'KOR' AND DISTRICT = 'Kyonggi';
+------+------------+-------------+----------+------------+
| ID   | Name       | CountryCode | District | Population |
+------+------------+-------------+----------+------------+
| 2338 | Songnam    | KOR         | Kyonggi  |     869094 |
| 2339 | Puchon     | KOR         | Kyonggi  |     779412 |
| 2340 | Suwon      | KOR         | Kyonggi  |     755550 |
| 2341 | Anyang     | KOR         | Kyonggi  |     591106 |
| 2344 | Koyang     | KOR         | Kyonggi  |     518282 |
| 2345 | Ansan      | KOR         | Kyonggi  |     510314 |
| 2349 | Kwangmyong | KOR         | Kyonggi  |     350914 |
| 2353 | Pyongtaek  | KOR         | Kyonggi  |     312927 |
| 2355 | Uijongbu   | KOR         | Kyonggi  |     276111 |
| 2362 | Yong-in    | KOR         | Kyonggi  |     242643 |
| 2364 | Kunpo      | KOR         | Kyonggi  |     235233 |
| 2366 | Namyangju  | KOR         | Kyonggi  |     229060 |
| 2372 | Paju       | KOR         | Kyonggi  |     163379 |
| 2374 | Ichon      | KOR         | Kyonggi  |     155332 |
| 2379 | Kuri       | KOR         | Kyonggi  |     142173 |
| 2383 | Siheung    | KOR         | Kyonggi  |     133443 |
| 2392 | Hanam      | KOR         | Kyonggi  |     115812 |
| 2396 | Uiwang     | KOR         | Kyonggi  |     108788 |
+------+------------+-------------+----------+------------+
18 rows in set (0.00 sec)
```
- 부천시의 영어 이름은 `Puchon`이 아니라 `Bucheon`이고 인구는 2021년 12월 말 기준 806,067명이다.
- 부천시의 NAME, Population을 동시에 갱신하고 싶다.
```
mysql> UPDATE CITY
    -> SET NAME = 'Bucheon', POPULATION = 806067
    -> WHERE COUNTRYCODE = 'KOR' AND DISTRICT = 'Kyonggi' AND NAME = 'Puchon';
Query OK, 1 row affected (0.01 sec)
Rows matched: 1  Changed: 1  Warnings: 0
```
- SET에서 칼럼들을 `,`으로 연결하면 동시에 해당 열들을 갱신한다.
```
mysql> SELECT *
    -> FROM CITY
    -> WHERE COUNTRYCODE = 'KOR' AND DISTRICT = 'Kyonggi';
+------+------------+-------------+----------+------------+
| ID   | Name       | CountryCode | District | Population |
+------+------------+-------------+----------+------------+
| 2338 | Songnam    | KOR         | Kyonggi  |     869094 |
| 2339 | Bucheon    | KOR         | Kyonggi  |     806067 |
| 2340 | Suwon      | KOR         | Kyonggi  |     755550 |
| 2341 | Anyang     | KOR         | Kyonggi  |     591106 |
| 2344 | Koyang     | KOR         | Kyonggi  |     518282 |
| 2345 | Ansan      | KOR         | Kyonggi  |     510314 |
| 2349 | Kwangmyong | KOR         | Kyonggi  |     350914 |
| 2353 | Pyongtaek  | KOR         | Kyonggi  |     312927 |
| 2355 | Uijongbu   | KOR         | Kyonggi  |     276111 |
| 2362 | Yong-in    | KOR         | Kyonggi  |     242643 |
| 2364 | Kunpo      | KOR         | Kyonggi  |     235233 |
| 2366 | Namyangju  | KOR         | Kyonggi  |     229060 |
| 2372 | Paju       | KOR         | Kyonggi  |     163379 |
| 2374 | Ichon      | KOR         | Kyonggi  |     155332 |
| 2379 | Kuri       | KOR         | Kyonggi  |     142173 |
| 2383 | Siheung    | KOR         | Kyonggi  |     133443 |
| 2392 | Hanam      | KOR         | Kyonggi  |     115812 |
| 2396 | Uiwang     | KOR         | Kyonggi  |     108788 |
+------+------------+-------------+----------+------------+
18 rows in set (0.00 sec)
```
- NAME과 Populaation이 동시에 갱신됐다.

</div>
</details>
