# <a href = "../README.md" target="_blank">데이터베이스 첫걸음</a>
## Chpater 06. SQL문의 기본
### 6.4 INSERT문
1) INSERT문
2) 다른 테이블에서 INSERT 하기
3) 복수의 행을 한번에 INSERT하기(Multi Row Insert)

---


# 6.4 INSERT문

## 1) INSERT문

> INSERT INTO 테이블명(칼렴명1, 칼럼명2, ...)  
> VALUES (값1, 값2, ...);

- 칼럼을 명시적으로 지정하지 않을 경우, 테이블에 기본으로 지정된 칼럼의 순서대로 VALUES의 값을 입력해야함
- DEFAULT : 테이블에 설정되어 있는 디폴트값이 입력됨
  - auto_increment : 자동으로 추가될 때마다 값이 증가. PK로 사용되는 ID값 등에서 많이 사용됨.


<details>
<summary>예시</summary>
<div markdown="1">

### 예시> CITY 테이블에 경기도 김포시 행 삽입
```
mysql> SHOW CREATE TABLE CITY\G
*************************** 1. row ***************************
       Table: CITY
Create Table: CREATE TABLE `city` (
  `ID` int NOT NULL AUTO_INCREMENT,
  `Name` char(35) NOT NULL DEFAULT '',
  `CountryCode` char(3) NOT NULL DEFAULT '',
  `District` char(20) NOT NULL DEFAULT '',
  `Population` int NOT NULL DEFAULT '0',
  PRIMARY KEY (`ID`),
  KEY `CountryCode` (`CountryCode`),
  CONSTRAINT `city_ibfk_1` FOREIGN KEY (`CountryCode`) REFERENCES `country` (`Code`)
) ENGINE=InnoDB AUTO_INCREMENT=4081 DEFAULT CHARSET=utf8mb4 COLLATE=utf8mb4_0900_ai_ci
1 row in set (0.00 sec)
```
- 데이터를 삽입하기 전에, 그 테이블이 어떻게 설계됐는지 확인해야한다.
  - 칼럼들은 어떤 순서대로 지정되어있는지
  - 칼럼별 데이터타입은 무엇인지
    - INT(n) : 화면에 표시되는 정숫값의 폭.
    - CHAR(n) : 허용 문자열의 길이
  - 기본키(PK, Primary Key)는 무엇으로 지정되어있는지.
  - 각각의 칼럼에서는 null을 허용하는지
  - 각각의 칼럼별 DEFAULT 값은 무엇인지
    - auto_increment : 자동 추가될 때마다 값 증가됨.

```
mysql> INSERT INTO CITY
    -> VALUES (DEFAULT, 'Gimpo', 'KOR', 'Kyonggi', 359584);
Query OK, 1 row affected (0.01 sec)
```
- CITY 테이블 뒤에 칼럼이 지정되지 않았음. -> CITY 테이블에 기본적으로 지정된 칼럼의 순서대로 적절한 값을 삽입해야한다.
- DEFAULT는 기본값.

```
mysql> SELECT *
    -> FROM CITY
    -> WHERE COUNTRYCODE = 'KOR' AND DISTRICT = 'Kyonggi';
+------+------------+-------------+----------+------------+
| ID   | Name       | CountryCode | District | Population |
+------+------------+-------------+----------+------------+
| 2338 | Songnam    | KOR         | Kyonggi  |     869094 |
| 2339 | Puchon     | KOR         | Kyonggi  |     779412 |
| 2340 | Suwon      | KOR         | Kyonggi  |     755550 |
| 2341 | Anyang     | KOR         | Kyonggi  |     591106 |
| 2344 | Koyang     | KOR         | Kyonggi  |     518282 |
| 2345 | Ansan      | KOR         | Kyonggi  |     510314 |
| 2349 | Kwangmyong | KOR         | Kyonggi  |     350914 |
| 2353 | Pyongtaek  | KOR         | Kyonggi  |     312927 |
| 2355 | Uijongbu   | KOR         | Kyonggi  |     276111 |
| 2362 | Yong-in    | KOR         | Kyonggi  |     242643 |
| 2364 | Kunpo      | KOR         | Kyonggi  |     235233 |
| 2366 | Namyangju  | KOR         | Kyonggi  |     229060 |
| 2372 | Paju       | KOR         | Kyonggi  |     163379 |
| 2374 | Ichon      | KOR         | Kyonggi  |     155332 |
| 2379 | Kuri       | KOR         | Kyonggi  |     142173 |
| 2383 | Siheung    | KOR         | Kyonggi  |     133443 |
| 2392 | Hanam      | KOR         | Kyonggi  |     115812 |
| 2396 | Uiwang     | KOR         | Kyonggi  |     108788 |
| 4080 | Gimpo      | KOR         | Kyonggi  |     359584 |
+------+------------+-------------+----------+------------+
19 rows in set (0.00 sec)
```
- SELECT 문을 통해 확인해보면 GIMPO 시가 추가된 것을 확인할 수 있다.

</div>
</details>

---

## 2) 다른 테이블에서 INSERT 하기

> INSERT INTO 테이블  
> SELECT * FROM 삽입테이블;

- 뒤의 SELECT문의 결과를 삽입

<details>
<summary>예시</summary>
<div markdown="1">

### 예시> INSERT문을 활용하여 테이블 복사하기

```
mysql> CREATE TABLE citycopy
    -> LIKE city;
Query OK, 0 rows affected (0.05 sec)
```
- city 테이블로부터 동일한 기본 설정을 가진 테이블 생성 

```
mysql> INSERT INTO citycopy
    -> SELECT * FROM CITY;
Query OK, 4079 rows affected (0.14 sec)
Records: 4079  Duplicates: 0  Warnings: 0
```
- INSERT INTO문 뒤에, SELECT문이 오면, SELECT문의 조건에 맞는 행들이 일괄적으로 삽입된다.

</div>
</details>

---


## 3) 복수의 행을 한번에 INSERT하기(Multi Row Insert)
> INSERT INTO 테이블명(칼럼1, 칼럼2, 칼럼3, ...)  
> VALUES (값1, 값2, 값3, ...), (값1, 값2, 값3, ...), (값1, 값2, 값3, ...) ...;
- MySQL에서는 여러 행을 한번에 추가할 때, 콤마를 통해 연결하여 동시에 삽입할 수 있다.

<details>
<summary>예시</summary>
<div markdown="1">

#### 예시> 복수의 행을 한번에 삽입

```
mysql> INSERT INTO CITY(NAME, COUNTRYCODE, DISTRICT, POPULATION)
    -> VALUES
    -> ('Gimpo', 'KOR', 'Kyonggi', 349900),
    -> ('Pocheon', 'KOR', 'Kyonggi', 155192),
    -> ('Hwaseong', 'KOR', 'Kyonggi', 613091);
Query OK, 3 rows affected (0.01 sec)
Records: 3  Duplicates: 0  Warnings: 0
```
- 콤마를 통해 구분하여 복수의 행을 동시에 삽입
```
mysql> SELECT *
    -> FROM CITY
    -> WHERE COUNTRYCODE = 'KOR' AND DISTRICT = 'Kyonggi';
+------+------------+-------------+----------+------------+
| ID   | Name       | CountryCode | District | Population |
+------+------------+-------------+----------+------------+
| 2338 | Songnam    | KOR         | Kyonggi  |     869094 |
| 2339 | Bucheon    | KOR         | Kyonggi  |     806067 |
| 2340 | Suwon      | KOR         | Kyonggi  |     755550 |
| 2341 | Anyang     | KOR         | Kyonggi  |     591106 |
| 2344 | Koyang     | KOR         | Kyonggi  |     518282 |
| 2345 | Ansan      | KOR         | Kyonggi  |     510314 |
| 2349 | Kwangmyong | KOR         | Kyonggi  |     350914 |
| 2353 | Pyongtaek  | KOR         | Kyonggi  |     312927 |
| 2355 | Uijongbu   | KOR         | Kyonggi  |     276111 |
| 2362 | Yong-in    | KOR         | Kyonggi  |     242643 |
| 2364 | Kunpo      | KOR         | Kyonggi  |     235233 |
| 2366 | Namyangju  | KOR         | Kyonggi  |     229060 |
| 2372 | Paju       | KOR         | Kyonggi  |     163379 |
| 2374 | Ichon      | KOR         | Kyonggi  |     155332 |
| 2379 | Kuri       | KOR         | Kyonggi  |     142173 |
| 2383 | Siheung    | KOR         | Kyonggi  |     133443 |
| 2392 | Hanam      | KOR         | Kyonggi  |     115812 |
| 2396 | Uiwang     | KOR         | Kyonggi  |     108788 |
| 4081 | Gimpo      | KOR         | Kyonggi  |     349900 |
| 4082 | Pocheon    | KOR         | Kyonggi  |     155192 |
| 4083 | Hwaseong   | KOR         | Kyonggi  |     613091 |
+------+------------+-------------+----------+------------+
21 rows in set (0.00 sec)
```
- 결과 : 행 3개가 동시에 삽입된 것을 확인할 수 있다.

</div>
</details>

---
